law_code,category_code,seq,kind,label_ja,label_en,basis_ja,condition_ja,threshold_note,owner_hint,health_check_type,health_check_interval,health_record_years,measurement_interval,measurement_record_years,work_record_years,supervisor_ja,notice_ja
ish,*,1,mandatory,該当する安衛法関連の区分（特化則・有機則・鉛則・ラベル/SDS等）を確認し、作業条件（取扱量・工程・ばく露経路・換気）を確定する,"Confirm the applicable ISH category and work conditions (amount, process, exposure route, ventilation)",安衛法57〜57条の3；安衛則577条の2,,,研究室,,,,,,,,
ish,*,2,mandatory,該当区分に応じた特殊健康診断・作業環境測定・記録保存・作業主任者・掲示を計画する,"Plan special health checks, workplace measurement, records, supervisor and notices per category",特化則・有機則・鉛則；安衛則577条の2,,,環境安全,,,,,,,,
ish,label_sds,1,mandatory,容器へのラベル表示（GHS）を行う,Label containers (GHS),安衛法57；安衛則33条の2,,裾切値：ラベル 0.1〜1 %（物質ごと。JOHAS一覧に値あり）,研究室,,,,,,,,ラベル（GHS）
ish,label_sds,2,mandatory,SDSを入手・保管し作業者へ周知する,"Obtain, keep and communicate the SDS","安衛法57条の2, 101条4項；安衛則98条の2第3項",,裾切値：SDS 0.1〜1 %（物質ごと）,研究室,,,,,,,,SDSの周知
ish,label_sds,3,mandatory,リスクアセスメントを実施し、結果と措置の記録を次回リスクアセスメントまで（3年以内に次回を実施した場合は3年間）保存し、労働者に周知する,Conduct risk assessment; keep records 3 years,安衛法57条の3；安衛則34条の2の7〜8,,,研究室,,,,,,3,,
ish,label_sds,4,mandatory,化学物質管理者を選任する（事業場）,Appoint a chemical substance manager,安衛則12条の5,,,事業場,,,,,,,化学物質管理者,
ish,label_sds,5,mandatory,ばく露を最小限にする措置（代替物・密閉・局排・全体換気・呼吸用保護具等）を講じ、雇入れ時等教育を行い、措置状況等の記録を1年以内ごとに作成し3年保存する,"Minimise exposure (ventilation, PPE), train workers, keep records 3 years",安衛則577条の2第1項・第11項；35条,,,研究室,,,,,,3,,
ish,label_sds,6,conditional,濃度基準値がある物質は測定または推定で確認し、記録を3年保存する,Measure or estimate against the OEL where set; keep records 3 years,安衛則577条の2第2項・第11項,濃度基準値が設定されている物質を屋内作業場で製造・取り扱う場合,,環境安全,,,,測定または推定,3,,,
ish,label_sds,7,conditional,リスクアセスメント結果に基づき関係労働者の意見を聴き、必要と認めるときは医師等によるリスクアセスメント対象物健康診断を実施し、記録を5年（がん原性物質は30年）保存する（濃度基準値超過ばく露のおそれがあれば速やかに実施）,Consider medical opinion and health checks based on RA results,安衛則577条の2第3〜6項,RA結果でばく露リスクが高い場合,,産業保健,リスクアセスメント対象物健康診断,,5,,,,,
ish,occupational_exposure_limit,1,mandatory,8時間・短時間の濃度基準値を超えないよう管理する（測定または推定）,Keep exposure below the 8-h/short-term OEL (measure or estimate),安衛則577条の2第2項；告示（濃度基準値）,屋内作業場,,環境安全,,,,測定または推定（濃度基準値）,3,,,
ish,occupational_exposure_limit,2,mandatory,測定・推定の記録を3年保存する（がん原性物質は30年）,Keep measurement/estimate records 3 years (30 for carcinogens),安衛則577条の2,,,環境安全,,,,,,,,
ish,skin_protection,1,mandatory,不浸透性の保護手袋・保護衣・保護眼鏡を着用する,"Wear impermeable gloves, clothing and eye protection","安衛則594条の2, 594条の3",2024-04-01〜。皮膚刺激性有害物質は努力義務→義務に注意,,研究室,,,,,,,,
ish,carcinogen_record,1,mandatory,作業記録（作業内容・従事期間・ばく露状況・健診結果）を30年保存する,Keep work/exposure/health records 30 years,安衛則577条の2第5項・第11項；告示（がん原性物質）,,,環境安全,リスクアセスメント対象物健康診断（特殊健康診断は各特別則の保存年限）,,30,1年以内ごとに記録（ばく露の状況）,30,30,,
ish,prohibited,1,mandatory,製造・輸入・譲渡・提供・使用を行わない（製造等禁止物質）,"Do not manufacture, import, transfer, supply or use",安衛法55；令16,,,研究室,,,,,,,,
ish,prohibited,2,conditional,試験研究目的に限り都道府県労働局長の許可を得て、製造設備の密閉化（またはドラフトチェンバー内設置）・容器の成分表示・保管場所表示・保護前掛/保護手袋・立入禁止表示等の基準に従う,Research use only with prefectural labour bureau permit and its conditions,安衛法55ただし書；令16条2項；特化則46〜47,試験研究目的の製造・輸入・使用のみ（石綿等は石綿則による）,,事業場,,,,,,,,容器の成分表示；保管場所・立入禁止の表示
ish,manufacture_permission,1,mandatory,製造には厚生労働大臣の許可を得る（製造許可物質）,Manufacture requires MHLW ministerial permission,安衛法56；令17,,対象範囲：＞1 %（ベンゾトリクロリドは＞0.5 %、ベリリウム合金は＞3 %）,製造者,,,,,,,,製造許可
ish,manufacture_permission,2,mandatory,取扱い時は第一類物質相当の措置（密閉設備・囲い式局排またはプッシュプル型換気装置、作業主任者、測定6か月ごと、健診6か月ごと、掲示、記録〔PCB以外は30年〕）を実施する,"Handle as a Class 1 specified substance (enclosure/local exhaust, supervisor, 6-monthly measurement and health checks, notices, records)","特化則3, 27, 36, 38条の3〜4, 39〜40",,,研究室,特定化学物質健康診断,6か月以内ごと,5（PCB以外の第一類物質は30）,6か月以内ごと,3（PCB以外の第一類物質は特別管理物質のため30）,30（PCB以外）,特定化学物質作業主任者（試験研究のため取り扱う作業は選任不要：令6条18号）,
ish,tokka_class_1,1,mandatory,製造は厚生労働大臣の許可制（製造許可物質）,Manufacture requires ministerial permission,安衛法56；令17,,対象範囲：＞1 %（ベンゾトリクロリドは＞0.5 %、ベリリウム合金は＞3 %）,製造者,,,,,,,,製造許可
ish,tokka_class_1,2,mandatory,第一類物質を容器に入れ・取り出し・反応槽等へ投入する作業場所に密閉設備・囲い式フードの局所排気装置・プッシュプル型換気装置のいずれかを設ける（PCB等は局所排気装置可）,Provide enclosure or enclosing-hood local exhaust,特化則3,,,研究室,,,,,,,,
ish,tokka_class_1,3,conditional,特定化学物質作業主任者を選任する,Appoint a specified chemical substance operations chief,特化則27,試験研究のため取り扱う作業は選任不要（令6条18号）,,研究室,,,,,,,特定化学物質作業主任者,
ish,tokka_class_1,4,mandatory,作業環境測定を6か月以内ごとに実施し、記録を3年保存する（特別管理物質は30年）,Workplace measurement every 6 months; keep records 3 years (30 for special management substances),"特化則36, 36条の2",,,環境安全,,,,6か月以内ごと,3,,,
ish,tokka_class_1,5,mandatory,特定化学物質健康診断を6か月以内ごと（雇入れ・配置替え時も）に実施し、記録を5年保存する（特別管理物質は30年）,Specified chemical health check every 6 months (and at hire/transfer); keep records 5 years (30 for special management substances),"特化則39, 40",,,産業保健,特定化学物質健康診断,6か月以内ごと（雇入れ・配置替え時も）,5,,,,,
ish,tokka_class_2,1,mandatory,密閉設備・局所排気装置・プッシュプル型換気装置を設ける（特定第二類・管理第二類の屋内作業場：5条。特定第二類・オーラミン等の製造設備は密閉式・隔離室遠隔操作：4条）,Provide local exhaust or equivalent emission control,特化則4〜5,,対象範囲：＞1 %（一部 ＞0.1 %。特化則別表第1）,研究室,,,,,,,,
ish,tokka_class_2,2,conditional,特定化学物質作業主任者を選任する,Appoint a specified chemical substance operations chief,特化則27,試験研究のため取り扱う作業は選任不要（令6条18号）,,研究室,,,,,,,特定化学物質作業主任者,
ish,tokka_class_2,3,mandatory,作業環境測定を6か月以内ごとに実施し、記録を3年保存する（特別管理物質は30年）,Workplace measurement every 6 months; keep records 3 years (30 for special management substances),"特化則36, 36条の2",特定第二類・管理第二類等,,環境安全,,,,6か月以内ごと,3,,,
ish,tokka_class_2,4,mandatory,特定化学物質健康診断を6か月以内ごとに実施し、記録を5年保存する（検査項目は特化則別表第3・第4。特別管理物質は30年）,Specified chemical health check every 6 months; keep records 5 years (30 for special management substances),"特化則39, 40",,,産業保健,特定化学物質健康診断,6か月以内ごと,5,,,,,
ish,tokka_class_2,5,mandatory,休憩室・洗浄設備・保護具（呼吸用保護具、不浸透性保護衣等）を備え、立入禁止表示を行う,Provide washing facilities and PPE; post no-entry signs,"特化則24, 37, 38, 43〜45",,,研究室,,,,,,,,立入禁止表示
ish,tokka_class_3,1,conditional,大量漏えい防止措置（特定化学設備の構造・退避手順）を定める,"Prevent large leaks (specified chemical facility design, evacuation procedure)","特化則13〜20, 22",特定化学設備（製造・取扱い設備）がある場合,,研究室,,,,,,,,
ish,tokka_class_3,2,conditional,第三類物質を製造・取り扱う作業（試験研究を除く）には特定化学物質作業主任者を選任する,Appoint an operations chief where a specified chemical facility exists,特化則27,試験研究のため取り扱う作業を除く（特定化学設備の有無は問わない：令6条18号）,,研究室,,,,,,,特定化学物質作業主任者,
ish,tokka_class_3,3,info,第三類物質には健康診断・作業環境測定の義務はない,No health-check or measurement duty for Class 3,"特化則36, 39",,,,,,,,,,,
ish,tokka,1,mandatory,特化則の区分（第一〜三類・特別管理物質）を安衛令別表第3・特化則で確認する,"Confirm the Tokka class (1-3, special management) in the ordinance tables","安衛令別表第3；特化則2条, 38条の4",群指定（〜及びその化合物）または区分未確定,対象範囲：＞1 %（一部 ＞0.1 %。特化則別表第1）,環境安全,,,,,,,,
ish,tokka,2,mandatory,区分確定まで第二類物質相当の措置（作業主任者・測定6か月ごと・健診6か月ごと・記録）を前提に計画する,"Until the class is confirmed, plan Class 2-equivalent measures (supervisor, 6-monthly measurement and health checks, records)","特化則27, 36, 39",,,研究室,特定化学物質健康診断,6か月以内ごと,5,6か月以内ごと,3,,特定化学物質作業主任者（試験研究のため取り扱う作業は選任不要）,
ish,special_management,1,mandatory,特定化学物質（特別管理物質を含む）を製造・取り扱う作業場に名称・生ずるおそれのある疾病の種類と症状・取扱注意・使用すべき保護具を掲示する,"Special management substance: post name, health effects, precautions and PPE",特化則38条の3,,,研究室,,,,,,,,特定化学物質の名称・疾病の種類と症状・取扱注意・使用すべき保護具の掲示（38条の3）
ish,special_management,2,mandatory,特別管理物質：作業記録（氏名・作業概要・期間・ばく露事故）を30年保存する,Special management substance: keep work records 30 years,特化則38条の4,,,環境安全,,,,,,30,,
ish,special_management,3,mandatory,特別管理物質：作業環境測定記録と特定化学物質健康診断記録を30年保存する,Special management substance: keep measurement and health-check records 30 years,"特化則36, 36条の2, 40",,,産業保健,特定化学物質健康診断,6か月以内ごと,30,6か月以内ごと,30,,,
ish,special_organic,1,mandatory,特別有機溶剤等：有機則の措置（密閉・局排等、有機溶剤作業主任者、掲示・区分表示）を準用する,Special organic solvent: apply Organic Solvent Ordinance measures,"特化則2条の2, 27, 38条の8",,,研究室,,,,,,,特定化学物質作業主任者（有機溶剤作業主任者技能講習修了者から選任；試験研究のため取り扱う作業は不要）,有機溶剤等の掲示・区分表示
ish,special_organic,2,mandatory,特定化学物質健康診断（有機則の項目を準用）を6か月以内ごとに実施し、記録を30年保存する（特別有機溶剤はいずれも特別管理物質）,Specified chemical health check (organic solvent items) every 6 months; keep records 5 years (30 for special management substances),"特化則39, 40",,,産業保健,特定化学物質健康診断（有機則の項目を準用）,6か月以内ごと,30,,,,,
ish,special_organic,3,mandatory,作業環境測定を6か月以内ごとに実施し、記録を30年保存する（特別有機溶剤はいずれも特別管理物質）,Workplace measurement every 6 months; keep records 3 years (30 for special management substances),"特化則36, 36条の2",,,環境安全,,,,6か月以内ごと,30,,,
ish,organic_type_1,1,mandatory,"密閉設備・局所排気装置・プッシュプル型換気装置のいずれかを設ける（臨時・短時間・発散面が広い等の特例時のみ全体換気装置＋呼吸用保護具：有機則8〜11, 33）","Provide enclosure, local exhaust, push-pull or general ventilation","有機則5, 8〜11",1時間当たり消費量が許容消費量以下なら設備・主任者・掲示等の規定は適用除外（有機則2条、認定不要）；常態として超えない場合の全面適用除外は労基署長の認定が必要（3条）,含有率 ＞5 %。屋内作業場,研究室,,,,,,,,
ish,organic_type_1,2,conditional,有機溶剤作業主任者を選任する,Appoint an organic solvent operations chief,有機則19,試験又は研究の業務（有機則1条1項6号ル）および2条・3条の適用除外業務は選任不要,,研究室,,,,,,,有機溶剤作業主任者,
ish,organic_type_1,3,mandatory,作業環境測定を6か月以内ごとに実施し、記録を3年保存する,Workplace measurement every 6 months; keep records 3 years,有機則28,,,環境安全,,,,6か月以内ごと,3,,,
ish,organic_type_1,4,mandatory,有機溶剤等健康診断を6か月以内ごとに実施し、記録を5年保存する,Organic solvent health check every 6 months; keep records 5 years,"有機則29, 30",,,産業保健,有機溶剤等健康診断,6か月以内ごと,5,,,,,
ish,organic_type_1,5,mandatory,有機溶剤等使用の注意事項を掲示し、区分表示（第一種：赤）を行う,Post handling precautions and the colour class sign,"有機則24, 25",,,研究室,,,,,,,,有機溶剤等使用の注意事項の掲示；区分表示（第一種：赤）
ish,organic_type_1,6,mandatory,保護具を使用し、貯蔵・空容器の処理基準を守る,Use PPE; follow storage and empty-container rules,"有機則33, 35, 36",,,研究室,,,,,,,,
ish,organic_type_2,1,mandatory,"密閉設備・局所排気装置・プッシュプル型換気装置のいずれかを設ける（臨時・短時間・発散面が広い等の特例時のみ全体換気装置＋呼吸用保護具：有機則8〜11, 33）","Provide enclosure, local exhaust, push-pull or general ventilation","有機則5, 8〜11",1時間当たり消費量が許容消費量以下なら設備・主任者・掲示等の規定は適用除外（有機則2条、認定不要）；常態として超えない場合の全面適用除外は労基署長の認定が必要（3条）,含有率 ＞5 %。屋内作業場,研究室,,,,,,,,
ish,organic_type_2,2,conditional,有機溶剤作業主任者を選任する,Appoint an organic solvent operations chief,有機則19,試験又は研究の業務（有機則1条1項6号ル）および2条・3条の適用除外業務は選任不要,,研究室,,,,,,,有機溶剤作業主任者,
ish,organic_type_2,3,mandatory,作業環境測定を6か月以内ごとに実施し、記録を3年保存する,Workplace measurement every 6 months; keep records 3 years,有機則28,,,環境安全,,,,6か月以内ごと,3,,,
ish,organic_type_2,4,mandatory,有機溶剤等健康診断を6か月以内ごとに実施し、記録を5年保存する,Organic solvent health check every 6 months; keep records 5 years,"有機則29, 30",,,産業保健,有機溶剤等健康診断,6か月以内ごと,5,,,,,
ish,organic_type_2,5,mandatory,有機溶剤等使用の注意事項を掲示し、区分表示（第二種：黄）を行う,Post handling precautions and the colour class sign,"有機則24, 25",,,研究室,,,,,,,,有機溶剤等使用の注意事項の掲示；区分表示（第二種：黄）
ish,organic_type_2,6,mandatory,保護具を使用し、貯蔵・空容器の処理基準を守る,Use PPE; follow storage and empty-container rules,"有機則33, 35, 36",,,研究室,,,,,,,,
ish,organic_type_3,1,conditional,タンク等の内部での作業に限り換気設備（全体換気装置可）と健診6か月ごと（記録5年）を適用する；作業主任者（試験研究を除く）・掲示・区分表示は屋内作業場等全般に適用；作業環境測定は不要,Inside tanks only: apply Type 2-equivalent measures,"有機則1条1項5号, 6, 19, 24, 25, 29, 30",タンク等内部作業のみ,含有率 ＞5 %。屋内作業場,研究室,有機溶剤等健康診断（タンク等内部作業のみ）,6か月以内ごと,5,,,,有機溶剤作業主任者,区分表示（第三種：青）
ish,organic_solvent,1,mandatory,有機則の種別（第一種〜第三種）を安衛令別表第6の2で確認する,Confirm the organic solvent type (1-3) in the ordinance table,安衛令別表第6の2；有機則1条,種別未確定,含有率 ＞5 %。屋内作業場,環境安全,,,,,,,,
ish,organic_solvent,2,mandatory,種別確定まで第二種相当の措置（作業主任者・測定6か月ごと・健診6か月ごと・掲示）を前提に計画する,"Until the type is confirmed, plan Type 2-equivalent measures","有機則19, 24, 28, 29, 30",,,研究室,有機溶剤等健康診断,6か月以内ごと,5,6か月以内ごと,3,,有機溶剤作業主任者（試験又は研究の業務は選任不要）,
ish,lead,1,mandatory,局所排気装置等の発散抑制措置を講じる,Provide local exhaust or equivalent,鉛則5〜,鉛業務（令別表第4）に該当する作業のみ,,研究室,,,,,,,,
ish,lead,2,conditional,鉛作業主任者を選任する,Appoint a lead operations chief,鉛則33,令別表第4第1〜10号の鉛業務（遠隔操作の隔離室を除く）に限る（令6条19号）,,研究室,,,,,,,鉛作業主任者,
ish,lead,3,conditional,作業環境測定を1年以内ごとに実施し、記録を3年保存する,Workplace measurement yearly; keep records 3 years,鉛則52,令別表第4第1〜8号・10号・16号の鉛業務を行う屋内作業場に限る（令21条8号）,,環境安全,,,,1年以内ごと,3,,,
ish,lead,4,mandatory,鉛健康診断を6か月以内ごと（一部業務は1年以内ごと）に実施し、記録を5年保存する,Lead health check every 6 months (yearly for some work); keep records 5 years,"鉛則53, 54",,,産業保健,鉛健康診断,6か月以内ごと（一部業務は1年以内ごと）,5,,,,,
ish,lead,5,mandatory,作業衣・洗身設備を備え、喫煙・飲食禁止を表示する,Provide work clothing and washing; post no smoking/eating signs,"鉛則45, 47, 49〜51, 59",,,研究室,,,,,,,,喫煙・飲食禁止の表示
ish,dangerous_substance,1,mandatory,火気・点火源の管理、通風換気、発火・爆発防止措置、貯蔵基準を守る,"Control ignition sources, ventilate, prevent fire/explosion, follow storage rules","安衛則256〜261, 279；令別表第1",,,研究室,,,,,,,,
ish,dangerous_substance,2,conditional,化学設備（危険物等を製造・取り扱う固定設備）に該当すれば作業規程・改造修理時措置・2年以内ごとの定期自主検査等を適用する（乾燥設備・第一種圧力容器は別途作業主任者）,Above set quantities apply chemical-facility rules and a supervisor,安衛則274〜278；令6条8号・17号,化学設備（安衛令の定義）に該当する設備がある場合,,事業場,,,,,,,,
ish,control_concentration,1,info,管理濃度は作業環境測定結果の評価基準として用いる,Control concentration is the evaluation criterion for workplace measurement,作業環境評価基準,,,,,,,,,,,
ish,carcinogenic_guideline,1,info,がん原性指針に基づきばく露低減・記録に努める（努力義務）,Reduce exposure and keep records per the carcinogenicity guideline (best effort),労働基準局長通達（がん原性指針）,,,,,,,,,,,
ish,strong_mutagen,1,info,変異原性指針に基づきばく露低減・記録に努める（努力義務）,Reduce exposure and keep records per the mutagenicity guideline (best effort),労働基準局長通達（変異原性指針）,,,,,,,,,,,
poison_control,poison,1,mandatory,容器・被包に「医薬用外毒物」（赤地に白文字）、貯蔵・陳列場所に「医薬用外」「毒物」を表示する,Label containers and storage as non-medical poison/deleterious substance,毒劇法12（22条5項準用）,,指定令第1条のただし書（除外規定）を確認（例：無機シアン化合物は紺青・フェリシアン塩・フェロシアン塩を除く）,研究室,,,,,,,,「医薬用外毒物」（赤地に白文字）
poison_control,poison,2,mandatory,施錠保管し、盗難・紛失を防止する,Store under lock; prevent theft and loss,毒劇法11,,,研究室,,,,,,,,
poison_control,poison,3,mandatory,飛散・漏えいを防止する,Prevent scattering and leakage,毒劇法11,,,研究室,,,,,,,,
poison_control,poison,4,mandatory,廃棄基準（中和・希釈等）に従って廃棄する,"Dispose per the disposal standards (neutralise, dilute)",毒劇法15条の2；施行令40,,,環境安全,,,,,,,,
poison_control,poison,5,mandatory,事故時は届出と応急措置を行う,Report accidents and take emergency measures,毒劇法17,,,環境安全,,,,,,,,
poison_control,poison,6,info,受払・使用記録を管理する（自主基準）,Keep receipt/use records (voluntary standard),法定義務なし（毒劇法11（22条5項準用）の盗難・紛失防止措置の一環として自主実施）,,,研究室,,,,,,,,
poison_control,poison,7,conditional,シアン化合物の電気めっき・金属熱処理、大量運送、しろあり防除は業務上取扱者の届出と毒物劇物取扱責任者の設置を行う,Notify as a business handler and appoint a handling supervisor for plating/heat treatment/bulk transport/termite control,毒劇法22,研究室の通常使用では届出不要（責任者設置は任意だが推奨）,,事業場,,,,,,,毒物劇物取扱責任者,
poison_control,poison,8,info,譲受時は譲受書（品名・数量・年月日・氏名・職業・住所）を提出する（書面の5年保存は販売・授与側の毒物劇物営業者の義務）,Keep transfer documents 5 years,毒劇法14,毒物劇物営業者からの購入・譲受時,,事業場,,,,,,,,
poison_control,deleterious,1,mandatory,容器・被包に「医薬用外劇物」（白地に赤文字）、貯蔵・陳列場所に「医薬用外」「劇物」を表示する,Label containers and storage as non-medical poison/deleterious substance,毒劇法12（22条5項準用）,,例：硫酸・塩酸 10 %以下、ホルムアルデヒド 1 %以下、過酸化水素 6 %以下は除外,研究室,,,,,,,,「医薬用外劇物」（白地に赤文字）
poison_control,deleterious,2,mandatory,施錠保管し、盗難・紛失を防止する,Store under lock; prevent theft and loss,毒劇法11,,,研究室,,,,,,,,
poison_control,deleterious,3,mandatory,飛散・漏えいを防止する,Prevent scattering and leakage,毒劇法11,,,研究室,,,,,,,,
poison_control,deleterious,4,mandatory,廃棄基準（中和・希釈等）に従って廃棄する,"Dispose per the disposal standards (neutralise, dilute)",毒劇法15条の2；施行令40,,,環境安全,,,,,,,,
poison_control,deleterious,5,mandatory,事故時は届出と応急措置を行う,Report accidents and take emergency measures,毒劇法17,,,環境安全,,,,,,,,
poison_control,deleterious,6,info,受払・使用記録を管理する（自主基準）,Keep receipt/use records (voluntary standard),法定義務なし（毒劇法11（22条5項準用）の盗難・紛失防止措置の一環として自主実施）,,,研究室,,,,,,,,
poison_control,deleterious,7,conditional,シアン化合物の電気めっき・金属熱処理、大量運送、しろあり防除は業務上取扱者の届出と毒物劇物取扱責任者の設置を行う,Notify as a business handler and appoint a handling supervisor for plating/heat treatment/bulk transport/termite control,毒劇法22,研究室の通常使用では届出不要（責任者設置は任意だが推奨）,,事業場,,,,,,,毒物劇物取扱責任者,
poison_control,deleterious,8,info,譲受時は譲受書（品名・数量・年月日・氏名・職業・住所）を提出する（書面の5年保存は販売・授与側の毒物劇物営業者の義務）,Keep transfer documents 5 years,毒劇法14,毒物劇物営業者からの購入・譲受時,,事業場,,,,,,,,
poison_control,specific_poison,1,mandatory,特定毒物研究者の許可がなければ使用・所持しない,Do not use or possess without a specific-poison researcher permit,毒劇法3条の2,,,事業場,,,,,,,,
poison_control,specific_poison,2,mandatory,用途制限・着色基準に従う,Follow use restrictions and colouring standards,毒劇法3条の2（4・5・9項）；施行令第1〜5章（品目別の用途・着色・品質基準）,,,研究室,,,,,,,,
poison_control,specific_poison,3,mandatory,容器・被包に「医薬用外毒物」（赤地に白文字）、貯蔵・陳列場所に「医薬用外」「毒物」を表示する,Label containers and storage as non-medical poison/deleterious substance,毒劇法12,,,研究室,,,,,,,,「医薬用外毒物」（赤地に白文字）
poison_control,specific_poison,4,mandatory,施錠保管し、盗難・紛失を防止する,Store under lock; prevent theft and loss,毒劇法11,,,研究室,,,,,,,,
poison_control,specific_poison,5,mandatory,飛散・漏えいを防止する,Prevent scattering and leakage,毒劇法11,,,研究室,,,,,,,,
poison_control,specific_poison,6,mandatory,廃棄基準（中和・希釈等）に従って廃棄する,"Dispose per the disposal standards (neutralise, dilute)",毒劇法15条の2；施行令40,,,環境安全,,,,,,,,
poison_control,specific_poison,7,mandatory,事故時は届出と応急措置を行う,Report accidents and take emergency measures,毒劇法17,,,環境安全,,,,,,,,
poison_control,specific_poison,8,info,受払・使用記録を管理する（自主基準）,Keep receipt/use records (voluntary standard),法定義務なし（毒劇法11の盗難・紛失防止措置の一環として自主実施）,,,研究室,,,,,,,,
poison_control,specific_poison,9,conditional,シアン化合物の電気めっき・金属熱処理、大量運送、しろあり防除は業務上取扱者の届出と毒物劇物取扱責任者の設置を行う,Notify as a business handler and appoint a handling supervisor for plating/heat treatment/bulk transport/termite control,毒劇法22,研究室の通常使用では届出不要（責任者設置は任意だが推奨）,,事業場,,,,,,,毒物劇物取扱責任者,
poison_control,specific_poison,10,info,譲受時は譲受書を提出する（書面の5年保存は販売・授与側の毒物劇物営業者の義務）。特定毒物は営業者・特定毒物研究者・特定毒物使用者間でのみ譲渡・譲受可,Keep transfer documents 5 years,毒劇法14；3条の2（6〜8項）,販売・授与時,,事業場,,,,,,,,
poison_control,poison_control_listed,1,mandatory,毒物・劇物・特定毒物の区分を毒劇法別表・指定令で確認する,Confirm poison/deleterious/specific-poison class in the Act tables and Cabinet Order,毒劇法2；別表第1〜3；指定令,区分未確定,指定令の除外濃度（ただし書）を確認,環境安全,,,,,,,,
poison_control,poison_control_listed,2,mandatory,区分確定まで毒物相当の表示・施錠保管・事故時届出を行う,"Until the class is confirmed, apply poison-level labelling, locked storage and accident reporting","毒劇法11, 12, 17",,,研究室,,,,,,,,「医薬用外毒物」／「医薬用外劇物」の表示
poison_control,poison_control_listed,3,conditional,シアン化合物の電気めっき・金属熱処理、大量運送、しろあり防除は業務上取扱者の届出と毒物劇物取扱責任者の設置を行う,Notify as a business handler and appoint a handling supervisor for plating/heat treatment/bulk transport/termite control,毒劇法22,研究室の通常使用では届出不要（責任者設置は任意だが推奨）,,事業場,,,,,,,毒物劇物取扱責任者,
poison_control,poison_control_listed,4,info,譲受時は譲受書を提出する（書面の5年保存は販売・授与側の毒物劇物営業者の義務）,Keep transfer documents 5 years,毒劇法14,毒物劇物営業者からの購入・譲受時,,事業場,,,,,,,,
poison_control,*,1,mandatory,毒物・劇物・特定毒物の区分を確定し、表示・施錠保管・事故時届出を実施する,"Determine the class and apply labelling, locked storage and accident reporting","毒劇法11, 12, 17",,,研究室,,,,,,,,
poison_control,*,2,conditional,シアン化合物の電気めっき・金属熱処理、大量運送、しろあり防除は業務上取扱者の届出と毒物劇物取扱責任者の設置を行う,Notify as a business handler and appoint a handling supervisor for plating/heat treatment/bulk transport/termite control,毒劇法22,研究室の通常使用では届出不要（責任者設置は任意だが推奨）,,事業場,,,,,,,毒物劇物取扱責任者,
poison_control,*,3,info,譲受時は譲受書を提出する（書面の5年保存は販売・授与側の毒物劇物営業者の義務）,Keep transfer documents 5 years,毒劇法14,毒物劇物営業者からの購入・譲受時,,事業場,,,,,,,,
cscl,class_i_specified,1,mandatory,製造・輸入は許可制（事実上禁止）。政令指定用途以外の使用禁止・製品輸入禁止,Manufacture/import effectively banned; use only for designated purposes,"化審法17, 22, 24, 25",試験研究用の使用・輸入は許可・用途制限の対象外（22条1項ただし書・25条ただし書）,,事業場,,,,,,,,
cscl,class_i_specified,2,conditional,試験研究用の使用・輸入は許可・用途制限の対象外。入手経路・保管・廃棄を記録する（自主；PCBはPCB特措法）,"Small research use allowed; record sourcing, storage and disposal (PCB: PCB Special Measures Act)",化審法25条ただし書；22条1項ただし書,試験研究用途,,研究室,,,,,,,,
cscl,class_ii_specified,1,conditional,製造・輸入者は予定数量・実績数量を届け出て、技術指針・表示に従う,Manufacturers/importers report planned and actual quantities,"化審法35, 36, 37",製造・輸入者のみ届出（試験研究用は除外）,,製造・輸入者,,,,,,,,
cscl,class_ii_specified,2,info,使用者は取扱い上の技術指針の遵守に努める,Users follow the technical handling guidelines (best effort),化審法36,,,,,,,,,,,
cscl,monitoring,1,conditional,製造・輸入実績を届け出る（数量下限なし。試験研究用は除外）,Report manufacture/import volume (>=1 t/yr),化審法13,製造・輸入者のみ（試験研究用は除外）,数量下限なし（試験研究用のみ除外）,製造・輸入者,,,,,,,,
cscl,priority_evaluation,1,conditional,製造・輸入数量・用途を届け出る（年1 t 以上）,Report manufacture/import volume and use (>=1 t/yr),化審法9；施行令6,製造・輸入者のみ,年1 t 以上,製造・輸入者,,,,,,,,
cscl,priority_evaluation,2,info,試験研究用は届出対象外。情報伝達は努力義務,Research use is exempt from reporting; information transfer is best effort,化審法9条1項1号；12条,,,,,,,,,,,
cscl,*,1,mandatory,化審法区分（第一種特定・第二種特定・監視・優先評価）を確定する,Determine the CSCL category,化審法2,,,環境安全,,,,,,,,
cscl,*,2,info,試験研究用の製造・輸入は届出対象外,Research-purpose manufacture/import is exempt from notification,"化審法3条1項2号・3号（新規化学物質）；8条1項1号, 9条1項1号, 13条1項ただし書, 35条1項ただし書（届出除外）",,,,,,,,,,,
prtr,first_class,1,conditional,排出量・移動量を年度ごと・事業所単位で届け出る,Report annual releases and transfers per site,"化管法5；施行令3（業種）, 4（1 t／0.5 t・21人）, 5（含有率1 %／0.1 %）",常用雇用21人以上、かつ物質ごとの年間取扱量 1 t 以上（特定第一種 0.5 t）。大学・研究機関は対象業種,取扱量 ≥1 t/年、含有率 ≥1 %,環境安全,,,,,,,,
prtr,first_class,2,info,研究室単位では年間取扱量を集計し事業所へ報告する（実務）,Labs aggregate annual handling and report to the site,化管法5,,,研究室,,,,,,,,
prtr,first_class,3,info,譲渡提供者からSDSの提供を受け、保管する（14条は提供者側の義務。受領側の保管は実務）,Receive and keep SDS/labels on transfer,化管法14；施行令5（含有率）,,含有率 ≥1 %（特定第一種 ≥0.1 %）,研究室,,,,,,,,
prtr,specific_first_class,1,conditional,排出量・移動量を年度ごと・事業所単位で届け出る,Report annual releases and transfers per site,"化管法5；施行令3, 4, 5",常用雇用21人以上、かつ物質ごとの年間取扱量 1 t 以上（特定第一種 0.5 t）。大学・研究機関は対象業種,取扱量 ≥0.5 t/年、含有率 ≥0.1 %,環境安全,,,,,,,,
prtr,specific_first_class,2,info,研究室単位では年間取扱量を集計し事業所へ報告する（実務）,Labs aggregate annual handling and report to the site,化管法5,,,研究室,,,,,,,,
prtr,specific_first_class,3,info,譲渡提供者からSDSの提供を受け、保管する（14条は提供者側の義務。受領側の保管は実務）,Receive and keep SDS/labels on transfer,化管法14；施行令5（含有率）,,含有率 ≥1 %（特定第一種 ≥0.1 %）,研究室,,,,,,,,
prtr,second_class,1,info,届出義務なし。譲渡提供時のSDS・ラベル提供のみ（受け取る側はSDSを保管）,No reporting duty; SDS/label on transfer only,化管法14；施行令6,,含有率 ≥1 %,,,,,,,,,
prtr,prtr_current,1,mandatory,第一種・特定第一種・第二種の区分を化管法施行令別表で確認する,Confirm Class 1 / specific Class 1 / Class 2 in the Cabinet Order tables,"化管法施行令別表第1, 第2",区分未確定,,環境安全,,,,,,,,
prtr,prtr_current,2,conditional,第一種の場合は年間取扱量（1 t／特定第一種 0.5 t）で届出要否を判定する,"If Class 1, decide reporting by annual handling (1 t / 0.5 t)",化管法5,常用雇用21人以上、かつ物質ごとの年間取扱量 1 t 以上（特定第一種 0.5 t）。大学・研究機関は対象業種,取扱量 ≥1 t/年（特定第一種 ≥0.5 t）,環境安全,,,,,,,,
prtr,*,1,conditional,年間取扱量と事業区分を確認し、届出要否を判定する,Check annual handling and business category to decide reporting,化管法5,常用雇用21人以上、かつ物質ごとの年間取扱量 1 t 以上（特定第一種 0.5 t）。大学・研究機関は対象業種,,環境安全,,,,,,,,
cwc,schedule_1,1,mandatory,特定物質の製造・使用は許可制、輸入は承認制。譲渡・譲受・所持の制限、施錠保管、運搬届出、廃棄届出に従う（製造日誌は許可製造者）,Schedule 1: manufacture/use/possession under permit; transfer limits and records,"化学兵器禁止法4, 10, 13, 15〜18, 22",,,事業場,,,,,,,,
cwc,schedule_1,2,conditional,輸出は外為法の許可を得る（キャッチオール含む）,Export requires FEFTA licence (incl. catch-all),外為法48条,輸出時,,事業場,,,,,,,,
cwc,schedule_2,1,conditional,第一種指定物質の製造・使用等を届け出る（一定量以上）,Schedule 2: notify manufacture/use above the set quantity,化学兵器禁止法24〜26（使用は26条準用）,一定量以上,数量下限は経済産業省令（施行規則）で規定,事業場,,,,,,,,
cwc,schedule_3,1,conditional,第二種指定物質の製造を届け出る（30 t/年 以上）,Schedule 3: notify manufacture >=30 t/yr,化学兵器禁止法27（24・25条準用）,製造 30 t/年 以上,数量下限（30 t/年）は経済産業省令で規定,事業場,,,,,,,,
cwc,cwc_listed,1,mandatory,特定物質／第一種・第二種指定物質の区分を施行令で確認する,Confirm Schedule 1/2/3 class in the Cabinet Order,化学兵器禁止法施行令3；別表,区分未確定,,環境安全,,,,,,,,
cwc,cwc_listed,2,conditional,区分に応じた許可・届出要件と輸出入の用途確認を行う,Apply permit/notification and end-use checks per class,"化学兵器禁止法4〜18（特定物質）, 24〜26（第一種指定物質）, 27（第二種指定物質）；13条・外為法（輸出入）",,,事業場,,,,,,,,
cwc,*,1,conditional,区分に応じた許可・届出要件と輸出入の用途確認を行う,Apply permit/notification and end-use checks per class,"化学兵器禁止法4〜18（特定物質）, 24〜26（第一種指定物質）, 27（第二種指定物質）；13条・外為法（輸出入）",,,事業場,,,,,,,,
fire_service,hazardous_material,1,mandatory,危険物（類別未確定）：類ごとの混載・混触禁止と容器表示を守る,Follow class-based segregation and container labelling,"消防法10条3項, 16；危険物令24, 26, 29",,,研究室,,,,,,,,危険物の容器表示（品名・類・数量）
fire_service,hazardous_material,2,conditional,事業所全体で指定数量の倍数を類・品名ごとに集計し、1倍以上は許可施設で危険物取扱者が取り扱い、政令で定める施設は保安監督者を置く,"Aggregate multiples of the designated quantity site-wide; >=1x requires a licensed facility, handler and supervisor","消防法9条の4, 10, 11, 13；令1条の11, 別表第3",指定数量の倍数 ≥1,類・品名・性状で指定数量が変わる（例：第4類第1石油類 非水溶性 200 L、アルコール類 400 L）,環境安全,,,,,,,危険物取扱者・危険物保安監督者,
fire_service,hazardous_material,3,conditional,指定数量の1/5以上1倍未満は少量危険物として市町村条例により届出・貯蔵取扱基準に従う,1/5x to <1x: notify as small-quantity hazardous material under municipal ordinance,消防法9条の4；各市火災予防条例,指定数量の倍数 1/5以上〜1未満,,環境安全,,,,,,,,
fire_service,hazardous_material,4,info,類別（第1〜6類）・品名を消防法別表第1で確認する,Confirm the class (1-6) and item name in Appended Table 1,"消防法2条7項, 別表第1",類別未確定,,環境安全,,,,,,,,
fire_service,hazmat_class_1,1,mandatory,第1類 酸化性固体：類ごとの混載・混触禁止と容器表示を守る,Follow class-based segregation and container labelling,"消防法10条3項, 16；危険物令24, 26, 29",,,研究室,,,,,,,,危険物の容器表示（品名・類・数量）
fire_service,hazmat_class_1,2,conditional,事業所全体で指定数量の倍数を類・品名ごとに集計し、1倍以上は許可施設で危険物取扱者が取り扱い、政令で定める施設は保安監督者を置く,"Aggregate multiples of the designated quantity site-wide; >=1x requires a licensed facility, handler and supervisor","消防法9条の4, 10, 11, 13；令1条の11, 別表第3",指定数量の倍数 ≥1,類・品名・性状で指定数量が変わる（例：第4類第1石油類 非水溶性 200 L、アルコール類 400 L）,環境安全,,,,,,,危険物取扱者・危険物保安監督者,
fire_service,hazmat_class_1,3,conditional,指定数量の1/5以上1倍未満は少量危険物として市町村条例により届出・貯蔵取扱基準に従う,1/5x to <1x: notify as small-quantity hazardous material under municipal ordinance,消防法9条の4；各市火災予防条例,指定数量の倍数 1/5以上〜1未満,,環境安全,,,,,,,,
fire_service,hazmat_class_2,1,mandatory,第2類 可燃性固体：類ごとの混載・混触禁止と容器表示を守る,Follow class-based segregation and container labelling,"消防法10条3項, 16；危険物令24, 26, 29",,,研究室,,,,,,,,危険物の容器表示（品名・類・数量）
fire_service,hazmat_class_2,2,conditional,事業所全体で指定数量の倍数を類・品名ごとに集計し、1倍以上は許可施設で危険物取扱者が取り扱い、政令で定める施設は保安監督者を置く,"Aggregate multiples of the designated quantity site-wide; >=1x requires a licensed facility, handler and supervisor","消防法9条の4, 10, 11, 13；令1条の11, 別表第3",指定数量の倍数 ≥1,類・品名・性状で指定数量が変わる（例：第4類第1石油類 非水溶性 200 L、アルコール類 400 L）,環境安全,,,,,,,危険物取扱者・危険物保安監督者,
fire_service,hazmat_class_2,3,conditional,指定数量の1/5以上1倍未満は少量危険物として市町村条例により届出・貯蔵取扱基準に従う,1/5x to <1x: notify as small-quantity hazardous material under municipal ordinance,消防法9条の4；各市火災予防条例,指定数量の倍数 1/5以上〜1未満,,環境安全,,,,,,,,
fire_service,hazmat_class_3,1,mandatory,第3類 自然発火性物質及び禁水性物質：類ごとの混載・混触禁止と容器表示を守る,Follow class-based segregation and container labelling,"消防法10条3項, 16；危険物令24, 26, 29",,,研究室,,,,,,,,危険物の容器表示（品名・類・数量）
fire_service,hazmat_class_3,2,conditional,事業所全体で指定数量の倍数を類・品名ごとに集計し、1倍以上は許可施設で危険物取扱者が取り扱い、政令で定める施設は保安監督者を置く,"Aggregate multiples of the designated quantity site-wide; >=1x requires a licensed facility, handler and supervisor","消防法9条の4, 10, 11, 13；令1条の11, 別表第3",指定数量の倍数 ≥1,類・品名・性状で指定数量が変わる（例：第4類第1石油類 非水溶性 200 L、アルコール類 400 L）,環境安全,,,,,,,危険物取扱者・危険物保安監督者,
fire_service,hazmat_class_3,3,conditional,指定数量の1/5以上1倍未満は少量危険物として市町村条例により届出・貯蔵取扱基準に従う,1/5x to <1x: notify as small-quantity hazardous material under municipal ordinance,消防法9条の4；各市火災予防条例,指定数量の倍数 1/5以上〜1未満,,環境安全,,,,,,,,
fire_service,hazmat_class_4,1,mandatory,第4類 引火性液体：類ごとの混載・混触禁止と容器表示を守る,Follow class-based segregation and container labelling,"消防法10条3項, 16；危険物令24, 26, 29",,,研究室,,,,,,,,危険物の容器表示（品名・類・数量）
fire_service,hazmat_class_4,2,conditional,事業所全体で指定数量の倍数を類・品名ごとに集計し、1倍以上は許可施設で危険物取扱者が取り扱い、政令で定める施設は保安監督者を置く,"Aggregate multiples of the designated quantity site-wide; >=1x requires a licensed facility, handler and supervisor","消防法9条の4, 10, 11, 13；令1条の11, 別表第3",指定数量の倍数 ≥1,類・品名・性状で指定数量が変わる（例：第4類第1石油類 非水溶性 200 L、アルコール類 400 L）,環境安全,,,,,,,危険物取扱者・危険物保安監督者,
fire_service,hazmat_class_4,3,conditional,指定数量の1/5以上1倍未満は少量危険物として市町村条例により届出・貯蔵取扱基準に従う,1/5x to <1x: notify as small-quantity hazardous material under municipal ordinance,消防法9条の4；各市火災予防条例,指定数量の倍数 1/5以上〜1未満,,環境安全,,,,,,,,
fire_service,hazmat_class_5,1,mandatory,第5類 自己反応性物質：類ごとの混載・混触禁止と容器表示を守る,Follow class-based segregation and container labelling,"消防法10条3項, 16；危険物令24, 26, 29",,,研究室,,,,,,,,危険物の容器表示（品名・類・数量）
fire_service,hazmat_class_5,2,conditional,事業所全体で指定数量の倍数を類・品名ごとに集計し、1倍以上は許可施設で危険物取扱者が取り扱い、政令で定める施設は保安監督者を置く,"Aggregate multiples of the designated quantity site-wide; >=1x requires a licensed facility, handler and supervisor","消防法9条の4, 10, 11, 13；令1条の11, 別表第3",指定数量の倍数 ≥1,類・品名・性状で指定数量が変わる（例：第4類第1石油類 非水溶性 200 L、アルコール類 400 L）,環境安全,,,,,,,危険物取扱者・危険物保安監督者,
fire_service,hazmat_class_5,3,conditional,指定数量の1/5以上1倍未満は少量危険物として市町村条例により届出・貯蔵取扱基準に従う,1/5x to <1x: notify as small-quantity hazardous material under municipal ordinance,消防法9条の4；各市火災予防条例,指定数量の倍数 1/5以上〜1未満,,環境安全,,,,,,,,
fire_service,hazmat_class_6,1,mandatory,第6類 酸化性液体：類ごとの混載・混触禁止と容器表示を守る,Follow class-based segregation and container labelling,"消防法10条3項, 16；危険物令24, 26, 29",,,研究室,,,,,,,,危険物の容器表示（品名・類・数量）
fire_service,hazmat_class_6,2,conditional,事業所全体で指定数量の倍数を類・品名ごとに集計し、1倍以上は許可施設で危険物取扱者が取り扱い、政令で定める施設は保安監督者を置く,"Aggregate multiples of the designated quantity site-wide; >=1x requires a licensed facility, handler and supervisor","消防法9条の4, 10, 11, 13；令1条の11, 別表第3",指定数量の倍数 ≥1,類・品名・性状で指定数量が変わる（例：第4類第1石油類 非水溶性 200 L、アルコール類 400 L）,環境安全,,,,,,,危険物取扱者・危険物保安監督者,
fire_service,hazmat_class_6,3,conditional,指定数量の1/5以上1倍未満は少量危険物として市町村条例により届出・貯蔵取扱基準に従う,1/5x to <1x: notify as small-quantity hazardous material under municipal ordinance,消防法9条の4；各市火災予防条例,指定数量の倍数 1/5以上〜1未満,,環境安全,,,,,,,,
fire_service,firefighting_obstruction,1,conditional,一定数量以上の貯蔵・取扱いは消防長へ届け出る,Notify the fire chief above the set quantity,消防法9条の3；危険物令1条の10,届出数量以上の貯蔵・取扱い,物質ごとの届出数量（例：硫酸 200 kg）,環境安全,,,,,,,,
fire_service,designated_combustible,1,conditional,条例で定める数量以上で届出・貯蔵基準に従う,Notify and follow storage rules above the ordinance quantity,"消防法9条の4；令1条の12, 別表第4；火災予防条例",条例数量以上,,環境安全,,,,,,,,
fire_service,*,1,conditional,類・品名を確認し、指定数量・届出数量と貯蔵量を比較する,Confirm class/item and compare stored amounts with designated/notification quantities,"消防法9条の3, 9条の4, 10；令1条の10, 1条の11, 1条の12, 別表第1〜第4",,,環境安全,,,,,,,,
high_pressure_gas,high_pressure_gas,1,mandatory,容器の転倒防止・固定、40 ℃以下での保管、火気からの距離、バルブ保護、容器再検査期限の確認を行う,"Secure cylinders, keep <=40 C, distance from fire, protect valves, check re-inspection dates","高圧ガス保安法15；一般則18, 19, 60；容器則",,高圧ガス＝1 MPa以上の圧縮ガス、0.2 MPa以上の液化ガス等（法2）；貯蔵0.15 m³以下（液化ガス10 kg＝1 m³換算）は15条の貯蔵基準の適用除外,研究室,,,,,,,,
high_pressure_gas,high_pressure_gas,2,conditional,貯蔵 300 m³ 以上は第一種貯蔵所（許可）又は第二種貯蔵所（届出）とし、特定高圧ガスを政令数量以上消費する場合は届出を行う,Notify storage >=300 m3 and specified high-pressure gas consumption,"高圧ガス保安法16, 17条の2, 24条の2",貯蔵 ≥300 m³（液化ガスは10 kg＝1 m³換算、ガス種により政令値）／特定高圧ガスを政令数量以上消費,,環境安全,,,,,,,,
high_pressure_gas,high_pressure_gas,3,conditional,特定高圧ガス（特殊高圧ガス・液化アンモニア・液化塩素等）の消費者は除害措置・漏えい検知警報設備を設ける,Toxic gases: provide abatement and gas detection/alarm,"高圧ガス保安法24条の2, 24条の3；一般則55",特定高圧ガスを政令数量以上消費する場合,,環境安全,,,,,,,,
high_pressure_gas,general_high_pressure_gas,1,mandatory,容器の転倒防止・固定、40 ℃以下での保管、火気からの距離、バルブ保護、容器再検査期限の確認を行う,"Secure cylinders, keep <=40 C, distance from fire, protect valves, check re-inspection dates","高圧ガス保安法15；一般則18, 19, 60；容器則",,高圧ガス＝1 MPa以上の圧縮ガス、0.2 MPa以上の液化ガス等（法2）；貯蔵0.15 m³以下（液化ガス10 kg＝1 m³換算）は15条の貯蔵基準の適用除外,研究室,,,,,,,,
high_pressure_gas,general_high_pressure_gas,2,conditional,貯蔵 300 m³ 以上は第一種貯蔵所（許可）又は第二種貯蔵所（届出）とし、特定高圧ガスを政令数量以上消費する場合は届出を行う,Notify storage >=300 m3 and specified high-pressure gas consumption,"高圧ガス保安法16, 17条の2, 24条の2",貯蔵 ≥300 m³（液化ガスは10 kg＝1 m³換算、ガス種により政令値）／特定高圧ガスを政令数量以上消費,,環境安全,,,,,,,,
high_pressure_gas,general_high_pressure_gas,3,conditional,特定高圧ガス（特殊高圧ガス・液化アンモニア・液化塩素等）の消費者は除害措置・漏えい検知警報設備を設ける,Toxic gases: provide abatement and gas detection/alarm,"高圧ガス保安法24条の2, 24条の3；一般則55",特定高圧ガスを政令数量以上消費する場合,,環境安全,,,,,,,,
high_pressure_gas,*,1,mandatory,容器の転倒防止・固定、40 ℃以下での保管、火気からの距離、バルブ保護、容器再検査期限の確認を行う,"Secure cylinders, keep <=40 C, distance from fire, protect valves, check re-inspection dates","高圧ガス保安法15；一般則18, 19, 60；容器則",,高圧ガス＝1 MPa以上の圧縮ガス、0.2 MPa以上の液化ガス等（法2）；貯蔵0.15 m³以下（液化ガス10 kg＝1 m³換算）は15条の貯蔵基準の適用除外,研究室,,,,,,,,
high_pressure_gas,*,2,conditional,貯蔵 300 m³ 以上は第一種貯蔵所（許可）又は第二種貯蔵所（届出）とし、特定高圧ガスを政令数量以上消費する場合は届出を行う,Notify storage >=300 m3 and specified high-pressure gas consumption,"高圧ガス保安法16, 17条の2, 24条の2",貯蔵 ≥300 m³（液化ガスは10 kg＝1 m³換算、ガス種により政令値）／特定高圧ガスを政令数量以上消費,,環境安全,,,,,,,,
high_pressure_gas,*,3,conditional,特定高圧ガス（特殊高圧ガス・液化アンモニア・液化塩素等）の消費者は除害措置・漏えい検知警報設備を設ける,Toxic gases: provide abatement and gas detection/alarm,"高圧ガス保安法24条の2, 24条の3；一般則55",特定高圧ガスを政令数量以上消費する場合,,環境安全,,,,,,,,
high_pressure_gas,refrigeration,1,conditional,冷凍設備の規模に応じた許可・届出を行う,Permit/notification by refrigeration capacity,高圧ガス保安法5；冷凍則,冷凍能力による,,環境安全,,,,,,,,
waste,waste_listed,1,mandatory,該当廃棄物は特別管理産業廃棄物として分別・表示・保管する,"Segregate, label and store as specially controlled industrial waste",廃掃法12条の2；令2条の4,,,環境安全,,,,,,,,特別管理産業廃棄物の表示
waste,waste_listed,2,mandatory,特別管理産業廃棄物管理責任者を選任する,Appoint a specially controlled industrial waste manager,廃掃法12条の2第8項,,,事業場,,,,,,,特別管理産業廃棄物管理責任者,
waste,waste_listed,3,mandatory,委託基準に従い、マニフェストを交付・保存する（5年）,Follow contracting standards; issue and keep manifests 5 years,"廃掃法12条の2, 12条の3",,,環境安全,,,,,,5,,
waste,waste_listed,4,info,現DBの12溶剤以外にも、引火点70 ℃未満の廃油、pH≤2.0の廃酸、pH≥12.5の廃アルカリ、水銀・カドミウム・鉛・六価クロム・ヒ素・セレン・シアン等含有、PCB、感染性が該当する,"Beyond the 12 listed solvents: waste oil FP<70 C, waste acid pH<=2.0, waste alkali pH>=12.5, heavy metals/cyanide, PCB, infectious",廃掃法2条5項；令2条の4；規則1条の2；判定基準省令,性状・濃度による,,,,,,,,,,
waste,*,1,mandatory,該当廃棄物は特別管理産業廃棄物として分別・表示・保管する,"Segregate, label and store as specially controlled industrial waste",廃掃法12条の2；令2条の4,,,環境安全,,,,,,,,特別管理産業廃棄物の表示
waste,*,2,mandatory,特別管理産業廃棄物管理責任者を選任する,Appoint a specially controlled industrial waste manager,廃掃法12条の2第8項,,,事業場,,,,,,,特別管理産業廃棄物管理責任者,
waste,*,3,mandatory,委託基準に従い、マニフェストを交付・保存する（5年）,Follow contracting standards; issue and keep manifests 5 years,"廃掃法12条の2, 12条の3",,,環境安全,,,,,,5,,
waste,*,4,info,現DBの12溶剤以外にも、引火点70 ℃未満の廃油、pH≤2.0の廃酸、pH≥12.5の廃アルカリ、水銀・カドミウム・鉛・六価クロム・ヒ素・セレン・シアン等含有、PCB、感染性が該当する,"Beyond the 12 listed solvents: waste oil FP<70 C, waste acid pH<=2.0, waste alkali pH>=12.5, heavy metals/cyanide, PCB, infectious",廃掃法2条5項；令2条の4；規則1条の2；判定基準省令,性状・濃度による,,,,,,,,,,
water_pollution,water_pollutant,1,conditional,研究所の洗浄施設等は特定施設として設置届を出す,Lab washing facilities are specified facilities: file an installation notification,水濁法5；令別表第1 71の2,特定施設に該当する場合,,環境安全,,,,,,,,
water_pollution,water_pollutant,2,conditional,有害物質使用特定施設は構造基準・定期点検・記録3年、地下浸透禁止を守る,"Hazardous-substance facilities: structural standards, periodic inspection, records 3 years, no ground infiltration","水濁法12条の3, 12条の4, 14条5項",有害物質使用特定施設,,環境安全,,,,,,3,,
water_pollution,water_pollutant,3,conditional,排水基準を守る（下水道接続なら下水道法の除害施設基準）,Meet effluent standards (or sewerage pretreatment standards),水濁法12；下水道法12,特定事業場から公共用水域へ排出する場合（下水道接続なら下水道法・条例の除害施設基準）,,環境安全,,,,,,,,
water_pollution,*,1,conditional,研究所の洗浄施設等は特定施設として設置届を出す,Lab washing facilities are specified facilities: file an installation notification,水濁法5；令別表第1 71の2,特定施設に該当する場合,,環境安全,,,,,,,,
water_pollution,*,2,conditional,有害物質使用特定施設は構造基準・定期点検・記録3年、地下浸透禁止を守る,"Hazardous-substance facilities: structural standards, periodic inspection, records 3 years, no ground infiltration","水濁法12条の3, 12条の4, 14条5項",有害物質使用特定施設,,環境安全,,,,,,3,,
water_pollution,*,3,conditional,排水基準を守る（下水道接続なら下水道法の除害施設基準）,Meet effluent standards (or sewerage pretreatment standards),水濁法12；下水道法12,特定事業場から公共用水域へ排出する場合（下水道接続なら下水道法・条例の除害施設基準）,,環境安全,,,,,,,,
air_pollution,*,1,conditional,ばい煙発生施設・VOC排出施設・有害大気汚染物質（努力義務）の該当を施設規模で確認する（通常の研究室ドラフトは対象外）,Check soot/VOC facility and hazardous air pollutant scope by facility size (ordinary lab fume hoods are out of scope),"大防法6, 17条の5, 18条の42",施設規模による,,環境安全,,,,,,,,
soil_contamination,*,1,conditional,"有害物質使用特定施設の廃止時は土壌汚染状況調査を行い報告する。3,000 m²（環境省令規模）以上の土地形質変更は30日前に届け出、知事命令があれば調査する","Survey on closing a hazardous-substance facility or altering >=3,000 m2 of land","土対法3, 4",施設廃止時／一定規模以上の土地形質変更時（届出→命令時に調査）,,事業場,,,,,,,,
narcotics,controlled_narcotic,1,conditional,研究用途は麻薬研究者免許／向精神薬試験研究施設の登録を得る,Research use requires a narcotics researcher licence / psychotropic research facility registration,"麻向法3, 50条の5",麻薬・向精神薬本体（別表第1・第3・指定政令第1〜4条）の場合。麻薬向精神薬原料（別表第4・指定政令第5条）は営業届出・輸出入届出・記録のみ,索引は本体と原料を同一区分で公開。区分は legal_number（法別表・指定政令の条）から判定,事業場,,,,,,,,
narcotics,controlled_narcotic,2,conditional,施錠保管し、帳簿を備える,Store under lock and keep a ledger,"麻向法34, 40, 50条の21, 50条の23",麻薬・向精神薬本体（別表第1〜3・指定政令第1〜4条）の場合。麻薬向精神薬原料（別表第4・指定政令第5条）は営業届出・輸出入届出・記録のみ,索引は本体と原料を同一区分で公開。区分は legal_number（法別表・指定政令の条）から判定,研究室,,,,,,2,,
narcotics,controlled_narcotic,3,conditional,譲受・廃棄（知事届出・立会い）・事故届出の手続を行う,Follow receipt and disposal procedures,"麻向法26, 29, 35, 50条の16, 50条の21, 50条の22",麻薬・向精神薬本体（別表第1〜3・指定政令第1〜4条）の場合。麻薬向精神薬原料（別表第4・指定政令第5条）は営業届出・輸出入届出・記録のみ,索引は本体と原料を同一区分で公開。区分は legal_number（法別表・指定政令の条）から判定,研究室,,,,,,,,
narcotics,narcotic_scheduled,1,mandatory,研究用途は麻薬研究者免許／向精神薬試験研究施設の登録を得る,Research use requires a narcotics researcher licence / psychotropic research facility registration,"麻向法3, 50条の5",,,事業場,,,,,,,,
narcotics,narcotic_scheduled,2,mandatory,施錠保管し、帳簿を備える,Store under lock and keep a ledger,"麻向法34, 40, 50条の21, 50条の23",,,研究室,,,,,,2,,
narcotics,narcotic_scheduled,3,mandatory,譲受・廃棄（知事届出・立会い）・事故届出の手続を行う,Follow receipt and disposal procedures,"麻向法26, 29, 35, 50条の16, 50条の21, 50条の22",,,研究室,,,,,,,,
narcotics,narcotic_precursor,1,conditional,麻薬向精神薬原料の輸入・輸出業、特定麻薬向精神薬原料の製造・卸小売業を営む場合はあらかじめ届け出る,"Notify the authority when importing, exporting, manufacturing or trading the precursor as a business",麻向法50条の27（第3章の2 麻薬向精神薬原料）,輸入・輸出・製造・卸売・小売業として取り扱う場合,,事業場,,,,,,,,
narcotics,narcotic_precursor,2,conditional,輸出入時は都度届け出る（非営業者は省令で定める量以下を除く）。営業者は輸出入・譲渡・譲受の記録を2年保存する,File import/export notifications and keep transfer and disposal records,"麻向法50条の29〜50条の32（輸出入届出）, 50条の34（記録・2年保存）",輸出入時（非営業者は50条の31・32）。記録は営業者のみ,,事業場,,,,,,,,
narcotics,narcotic_precursor,3,info,研究室での通常の購入・使用に免許・登録は不要（麻薬・向精神薬本体ではない）,Ordinary laboratory purchase and use needs no licence (not a narcotic or psychotropic itself),麻向法別表第4・指定政令第5条,,,,,,,,,,,
narcotics,*,1,conditional,研究用途は麻薬研究者免許／向精神薬試験研究施設の登録を得る,Research use requires a narcotics researcher licence / psychotropic research facility registration,"麻向法3, 50条の5",麻薬・向精神薬本体（別表第1〜3・指定政令第1〜4条）の場合。麻薬向精神薬原料（別表第4・指定政令第5条）は営業届出・輸出入届出・記録のみ,索引は本体と原料を同一区分で公開。区分は legal_number（法別表・指定政令の条）から判定,事業場,,,,,,,,
narcotics,*,2,conditional,施錠保管し、帳簿を備える,Store under lock and keep a ledger,"麻向法34, 40, 50条の21, 50条の23",麻薬・向精神薬本体（別表第1〜3・指定政令第1〜4条）の場合。麻薬向精神薬原料（別表第4・指定政令第5条）は営業届出・輸出入届出・記録のみ,索引は本体と原料を同一区分で公開。区分は legal_number（法別表・指定政令の条）から判定,研究室,,,,,,2,,
narcotics,*,3,conditional,譲受・廃棄（知事届出・立会い）・事故届出の手続を行う,Follow receipt and disposal procedures,"麻向法26, 29, 35, 50条の16, 50条の21, 50条の22",麻薬・向精神薬本体（別表第1〜3・指定政令第1〜4条）の場合。麻薬向精神薬原料（別表第4・指定政令第5条）は営業届出・輸出入届出・記録のみ,索引は本体と原料を同一区分で公開。区分は legal_number（法別表・指定政令の条）から判定,研究室,,,,,,,,
explosives,*,1,conditional,製造・貯蔵・消費の許可と数量基準を確認する,Permits for manufacture/storage/consumption and quantity limits,"火薬類取締法3, 11, 12, 25",数量基準による（理化学上の実験で省令数量以下の消費は許可不要、25条ただし書）,,事業場,,,,,,,,
ozone_layer,*,1,conditional,製造・輸入の許可・承認・数量規制を確認する（研究用少量は製造・輸入者側の義務。業として使用する者は排出抑制・使用合理化の努力義務）,Manufacture/import permits and quotas (small research quantities: duty on manufacturer/importer),"オゾン層保護法4, 6, 19",製造・輸入者のみ,,製造・輸入者,,,,,,,,
food_contact,*,1,info,製品を製造・販売しない研究室では原則対象外。ポジティブリストのヒットは「使用可」の意味,Out of scope for labs not making products; a positive-list hit means permitted,食品衛生法18,,,,,,,,,,,
cosmetics,*,1,info,製品を製造・販売しない研究室では原則対象外,Out of scope for labs not making cosmetics,"薬機法2条3項, 42条2項；化粧品基準",,,,,,,,,,,
household_products,*,1,info,製品を製造・販売しない研究室では原則対象外,Out of scope for labs not making household products,家庭用品規制法4,,,,,,,,,,,
dust_rule,potential_dust_work,1,conditional,粉じん作業（別表第1）に該当すれば換気等の措置（特定粉じん発生源は密閉・局排等：4条、その他の屋内作業場は全体換気：5条）と呼吸用保護具（27条）を講じ、常時特定粉じん作業には特別教育を行う,If listed dust work: local exhaust etc. and special training,"粉じん則4, 5, 22, 27",粉じん作業（別表第1）該当時,,研究室,,,,,,,,
dust_rule,potential_dust_work,2,conditional,特定粉じん作業は作業環境測定を6か月以内ごとに実施し、記録を7年保存する,Specified dust work: measure every 6 months; keep records 7 years,粉じん則26,特定粉じん作業,,環境安全,,,,6か月以内ごと（特定粉じん作業）,7,,,
dust_rule,potential_dust_work,3,conditional,じん肺健康診断を1〜3年以内ごと（管理区分・作業歴による）に実施し、記録を7年保存する,Pneumoconiosis examination every 1-3 years; keep records 7 years,"じん肺法7〜9, 17",粉じん作業従事者,,産業保健,じん肺健康診断,1〜3年以内ごと（管理区分・作業歴による）,7,,,,,
dust_rule,*,1,conditional,粉じん作業（別表第1）に該当すれば換気等の措置（特定粉じん発生源は密閉・局排等：4条、その他の屋内作業場は全体換気：5条）と呼吸用保護具（27条）を講じ、常時特定粉じん作業には特別教育を行う,If listed dust work: local exhaust etc. and special training,"粉じん則4, 5, 22, 27",粉じん作業（別表第1）該当時,,研究室,,,,,,,,
dust_rule,*,2,conditional,特定粉じん作業は作業環境測定を6か月以内ごとに実施し、記録を7年保存する,Specified dust work: measure every 6 months; keep records 7 years,粉じん則26,特定粉じん作業,,環境安全,,,,6か月以内ごと（特定粉じん作業）,7,,,
dust_rule,*,3,conditional,じん肺健康診断を1〜3年以内ごと（管理区分・作業歴による）に実施し、記録を7年保存する,Pneumoconiosis examination every 1-3 years; keep records 7 years,"じん肺法7〜9, 17",粉じん作業従事者,,産業保健,じん肺健康診断,1〜3年以内ごと（管理区分・作業歴による）,7,,,,,
occupational_health,*,1,conditional,対象業務・配置歴に応じた特殊健康診断・じん肺健康診断を実施する,Conduct special / pneumoconiosis examinations per covered work and assignment history,安衛法66条2項；じん肺法7〜9,対象業務・配置歴による,,産業保健,,,,,,,,
occupational_health,*,2,conditional,健診結果を記録し保存する（特殊健診5年、特別管理物質・がん原性物質30年、じん肺7年）,Keep examination records (5 years; 30 for special management/carcinogens; 7 for pneumoconiosis),特化則40；有機則30；鉛則54；じん肺法17；安衛則577条の2第5項,健診実施時,,産業保健,,,,,,,,
women_rules,*,1,info,女性則第2条第1項第18号の対象物質群（特化則・鉛則・有機則の群名で照合）に該当しない。塩・異性体・群指定は別途確認する,"Not in the Art.2(1)(xviii) substance groups (matched by the 特化則/鉛則/有機則 group names); salts, isomers and group designations need a separate check",女性則第2条第1項第18号,,,環境安全,,,,,,,,
women_rules,women_18_i,1,mandatory,次のいずれかに該当する業務には、妊娠中・産後1年以内に限らず全ての女性労働者を就かせてはならない：①呼吸用保護具の使用が義務付けられた作業、②作業環境測定の評価が第三管理区分となった場所での業務,No female worker (not only pregnant or post-partum women) may be assigned to (1) work for which respirator use is mandated or (2) work in a workplace evaluated as control class 3,労働基準法第64条の3；女性則第2条第1項第18号、第2条第2項、第3条,,,環境安全・人事,,,,,,,,就業制限の対象業務と場所を掲示・周知する
women_rules,women_18_i,2,conditional,該当判定：直近の作業環境測定の管理区分と、呼吸用保護具の使用義務の有無を確認する。第一・第二管理区分で保護具の使用義務がない作業は、この号の就業制限の対象外,Decide by the latest workplace-measurement control class and whether respirator use is mandated; control class 1/2 without a respirator mandate is outside this item,女性則第2条第1項第18号イ〜ハ（１）（２）,管理区分が第三、又は呼吸用保護具の使用が義務付けられている場合に就業制限,,環境安全,,,,,,,,
women_rules,women_18_i,3,info,呼吸用保護具の使用が義務付けられた作業とは：特化則第22条第1項（設備の改造・修理・清掃等）、第22条の2第1項、第38条の14第1項第11号ハ・第12号ただし書の作業。スチレン・テトラクロロエチレン・トリクロロエチレンは第三管理区分の場所の業務のみが対象,"Respirator-mandated work: 特化則 Art. 22(1) (repair, cleaning of equipment etc.), Art. 22-2(1), Art. 38-14(1)(xi)(c)/(xii) proviso; styrene, tetrachloroethylene and trichloroethylene are covered only via control class 3",女性則第2条第1項第18号イ,,,,,,,,,,,
women_rules,women_18_i,4,info,含有率が特化則・有機則・鉛則の裾切値以下の製剤は当該規則の作業に当たらないため、この号の対象外（threshold_pct を参照）。妊娠中・産後1年以内の女性には女性則の他の号（重量物等）も別途確認する,Mixtures at or below the 特化則/有機則/鉛則 threshold are outside those ordinances' work and hence outside this item (see threshold_pct); pregnant and post-partum women have further items (heavy loads etc.) to check,女性則第2条第1項；特化則第2条・有機則第1条・鉛則第1条,,,環境安全,,,,,,,,
women_rules,women_18_ro,1,mandatory,次のいずれかに該当する業務には、妊娠中・産後1年以内に限らず全ての女性労働者を就かせてはならない：①呼吸用保護具の使用が義務付けられた作業、②作業環境測定の評価が第三管理区分となった場所での業務,No female worker (not only pregnant or post-partum women) may be assigned to (1) work for which respirator use is mandated or (2) work in a workplace evaluated as control class 3,労働基準法第64条の3；女性則第2条第1項第18号、第2条第2項、第3条,,,環境安全・人事,,,,,,,,就業制限の対象業務と場所を掲示・周知する
women_rules,women_18_ro,2,conditional,該当判定：直近の作業環境測定の管理区分と、呼吸用保護具の使用義務の有無を確認する。第一・第二管理区分で保護具の使用義務がない作業は、この号の就業制限の対象外,Decide by the latest workplace-measurement control class and whether respirator use is mandated; control class 1/2 without a respirator mandate is outside this item,女性則第2条第1項第18号イ〜ハ（１）（２）,管理区分が第三、又は呼吸用保護具の使用が義務付けられている場合に就業制限,,環境安全,,,,,,,,
women_rules,women_18_ro,3,info,呼吸用保護具の使用が義務付けられた作業とは：鉛則第39条ただし書の臨時作業、第58条第1〜3項の業務（鉛の焼結・溶融・研磨等で局所排気装置等を稼働しないもの）,Respirator-mandated work: 鉛則 Art. 39 proviso (temporary work) and Art. 58(1)-(3),女性則第2条第1項第18号ロ,,,,,,,,,,,
women_rules,women_18_ro,4,info,含有率が特化則・有機則・鉛則の裾切値以下の製剤は当該規則の作業に当たらないため、この号の対象外（threshold_pct を参照）。妊娠中・産後1年以内の女性には女性則の他の号（重量物等）も別途確認する,Mixtures at or below the 特化則/有機則/鉛則 threshold are outside those ordinances' work and hence outside this item (see threshold_pct); pregnant and post-partum women have further items (heavy loads etc.) to check,女性則第2条第1項；特化則第2条・有機則第1条・鉛則第1条,,,環境安全,,,,,,,,
women_rules,women_18_ha,1,mandatory,次のいずれかに該当する業務には、妊娠中・産後1年以内に限らず全ての女性労働者を就かせてはならない：①呼吸用保護具の使用が義務付けられた作業、②作業環境測定の評価が第三管理区分となった場所での業務,No female worker (not only pregnant or post-partum women) may be assigned to (1) work for which respirator use is mandated or (2) work in a workplace evaluated as control class 3,労働基準法第64条の3；女性則第2条第1項第18号、第2条第2項、第3条,,,環境安全・人事,,,,,,,,就業制限の対象業務と場所を掲示・周知する
women_rules,women_18_ha,2,conditional,該当判定：直近の作業環境測定の管理区分と、呼吸用保護具の使用義務の有無を確認する。第一・第二管理区分で保護具の使用義務がない作業は、この号の就業制限の対象外,Decide by the latest workplace-measurement control class and whether respirator use is mandated; control class 1/2 without a respirator mandate is outside this item,女性則第2条第1項第18号イ〜ハ（１）（２）,管理区分が第三、又は呼吸用保護具の使用が義務付けられている場合に就業制限,,環境安全,,,,,,,,
women_rules,women_18_ha,3,info,呼吸用保護具の使用が義務付けられた作業とは：有機則第32条第1項第1・2号（タンク内等）、第33条第1項第2〜7号の業務（特化則第38条の8で準用する特別有機溶剤を含む）,"Respirator-mandated work: 有機則 Art. 32(1)(i)(ii) (tank interiors etc.), Art. 33(1)(ii)-(vii), incl. special organic solvents via 特化則 Art. 38-8",女性則第2条第1項第18号ハ,,,,,,,,,,,
women_rules,women_18_ha,4,info,含有率が特化則・有機則・鉛則の裾切値以下の製剤は当該規則の作業に当たらないため、この号の対象外（threshold_pct を参照）。妊娠中・産後1年以内の女性には女性則の他の号（重量物等）も別途確認する,Mixtures at or below the 特化則/有機則/鉛則 threshold are outside those ordinances' work and hence outside this item (see threshold_pct); pregnant and post-partum women have further items (heavy loads etc.) to check,女性則第2条第1項；特化則第2条・有機則第1条・鉛則第1条,,,環境安全,,,,,,,,
